USE bankSysDb;

-- Insert 50 Random Rows into Employee Table
INSERT INTO Employee (Emp_ID, Super_ID, Salary, Position, F_Name, L_Name, Gender, Birth_Date, EmpAddress)
VALUES 
(1, 1, 50000, 'Manager', 'Ali', 'Ahmed', 'm', '1980-01-15', 'Cairo Street 12'),
(2, 1, 40000, 'Supervisor', 'Sara', 'Mohamed', 'f', '1985-03-20', 'Giza Road 45'),
(3, 1, 30000, 'Clerk', 'Youssef', 'Ali', 'm', '1990-06-25', 'Nasr City 22'),
(4, 2, 32000, 'Analyst', 'Mona', 'Ibrahim', 'f', '1988-12-10', 'Maadi Ave 34'),
(5, 2, 28000, 'Assistant', 'Omar', 'Khaled', 'm', '1995-07-07', 'Dokki 78'),
(6, 3, 35000, 'Accountant', 'Hana', 'Osman', 'f', '1983-04-18', 'Heliopolis 23'),
(7, 3, 45000, 'Manager', 'Mohamed', 'Adel', 'm', '1975-09-30', 'Shubra 10'),
(8, 4, 40000, 'Supervisor', 'Laila', 'Mostafa', 'f', '1989-02-28', 'Zamalek 13'),
(9, 4, 30000, 'Clerk', 'Ahmed', 'Ismail', 'm', '1992-11-14', 'Imbaba 45'),
(10, 5, 32000, 'Analyst', 'Nour', 'Saad', 'f', '1991-01-01', '6th October 56'),
(11, 6, 30000, 'Clerk', 'Sami', 'Hassan', 'm', '1993-08-09', 'New Cairo 31'),
(12, 6, 28000, 'Assistant', 'Yara', 'Nabil', 'f', '1996-05-05', 'Shorouk 23'),
(13, 7, 48000, 'Manager', 'Tarek', 'Mahmoud', 'm', '1978-03-12', 'Rehab City 14'),
(14, 7, 32000, 'Analyst', 'Dina', 'Saleh', 'f', '1990-09-08', 'Tagamoa 90'),
(15, 8, 35000, 'Accountant', 'Hussein', 'Yassin', 'm', '1984-06-17', 'Cairo Road 76'),
(16, 8, 40000, 'Supervisor', 'Rania', 'Ehab', 'f', '1986-02-20', 'Helwan 12'),
(17, 9, 30000, 'Clerk', 'Karim', 'Ahmed', 'm', '1994-10-13', 'Badr City 15'),
(18, 9, 28000, 'Assistant', 'Farah', 'Samir', 'f', '1997-11-11', 'Giza 21'),
(19, 10, 45000, 'Manager', 'Ibrahim', 'Mostafa', 'm', '1982-12-30', 'Nasr City 88'),
(20, 10, 40000, 'Supervisor', 'Reem', 'Ali', 'f', '1991-04-22', 'Shorouk Road 17'),
(21, 11, 30000, 'Clerk', 'Nadia', 'Hassan', 'f', '1993-06-14', 'Maadi 77'),
(22, 11, 32000, 'Analyst', 'Ziad', 'Ibrahim', 'm', '1990-07-21', 'Dokki 33'),
(23, 12, 35000, 'Accountant', 'Salma', 'Kamel', 'f', '1987-10-02', 'Zayed City 29'),
(24, 12, 28000, 'Assistant', 'Bassem', 'Hadi', 'm', '1995-03-07', 'Heliopolis 14'),
(25, 13, 30000, 'Clerk', 'Rami', 'Fouad', 'm', '1992-12-25', 'Imbaba Road 44'),
(26, 13, 32000, 'Analyst', 'Lina', 'Youssef', 'f', '1991-02-15', 'Rehab 12'),
(27, 14, 40000, 'Supervisor', 'Nourhan', 'Adel', 'f', '1989-03-20', 'Tagamoa 76'),
(28, 14, 30000, 'Clerk', 'Kareem', 'Saeed', 'm', '1993-09-30', 'Giza 17'),
(29, 15, 32000, 'Analyst', 'Rasha', 'Hisham', 'f', '1990-06-22', '6th October 31'),
(30, 15, 28000, 'Assistant', 'Mostafa', 'Nour', 'm', '1996-12-01', 'Nasr City 76'),
(31, 16, 35000, 'Accountant', 'Hany', 'Kamel', 'm', '1984-05-14', 'Cairo 22'),
(32, 16, 40000, 'Supervisor', 'Fatima', 'Zaki', 'f', '1988-01-28', 'Shorouk Road 54'),
(33, 17, 48000, 'Manager', 'Ola', 'Tamer', 'f', '1979-11-20', 'Helwan 33'),
(34, 17, 32000, 'Analyst', 'Fady', 'Wael', 'm', '1991-09-19', 'New Cairo 17'),
(35, 18, 35000, 'Accountant', 'Alaa', 'Amr', 'f', '1985-07-11', 'Zamalek 98'),
(36, 18, 30000, 'Clerk', 'Khaled', 'Samer', 'm', '1992-02-14', 'Badr Road 12'),
(37, 19, 40000, 'Supervisor', 'Sahar', 'Gamal', 'f', '1987-08-31', 'Tagamoa 50'),
(38, 19, 28000, 'Assistant', 'Walid', 'Osman', 'm', '1995-04-18', 'Giza Road 21'),
(39, 20, 45000, 'Manager', 'Adham', 'Khalil', 'm', '1981-03-07', 'Nasr City 32'),
(40, 20, 40000, 'Supervisor', 'Noura', 'Hadi', 'f', '1990-06-09', 'Rehab City 22'),
(41, 21, 30000, 'Clerk', 'Sami', 'Ashraf', 'm', '1994-05-10', 'New Cairo 34'),
(42, 21, 32000, 'Analyst', 'Nesreen', 'Ali', 'f', '1989-09-15', 'Giza Road 99'),
(43, 22, 28000, 'Assistant', 'Tamer', 'Farid', 'm', '1996-03-20', 'Imbaba 44'),
(44, 22, 30000, 'Clerk', 'Raghda', 'Kamal', 'f', '1993-01-22', 'Shorouk 56'),
(45, 23, 32000, 'Analyst', 'Ahmed', 'Mansour', 'm', '1989-07-31', 'Helwan Road 66'),
(46, 23, 28000, 'Assistant', 'Amal', 'Bassem', 'f', '1996-11-14', 'Maadi 11'),
(47, 24, 45000, 'Manager', 'Youssef', 'Tariq', 'm', '1982-10-08', 'Zamalek 32'),
(48, 24, 40000, 'Supervisor', 'Mariam', 'Hani', 'f', '1989-04-12', 'Tagamoa 89'),
(49, 25, 30000, 'Clerk', 'Omar', 'Tamer', 'm', '1993-09-21', 'Nasr City 44'),
(50, 25, 28000, 'Assistant', 'Nahla', 'Wael', 'f', '1996-08-30', 'Dokki 12');
------------------------------------------------------------------------------------------
-- Insert Treasury row
INSERT INTO Bank_Treasury (Treasury_ID, Balance)
VALUES
(159564, 1000000);
---------------------------------------
-- Insert 100 Customers with random values
INSERT INTO Customer (Customer_ID, F_Name, L_Name, Birth_Date, Gender)
VALUES
(1, 'Karim', 'Sami', '1990-04-10', 'm'),
(2, 'Hala', 'Mahmoud', '1991-12-14', 'f'),
(3, 'Omar', 'Farid', '1985-03-08', 'm'),
(4, 'Salma', 'Khalil', '1992-07-25', 'f'),
(5, 'Amr', 'Hassan', '1989-05-13', 'm'),
(6, 'Mona', 'Ali', '1993-09-22', 'f'),
(7, 'Youssef', 'Omar', '1987-11-16', 'm'),
(8, 'Nada', 'Tamer', '1995-06-18', 'f'),
(9, 'Mahmoud', 'Ibrahim', '1990-02-28', 'm'),
(10, 'Nour', 'Ahmed', '1991-01-11', 'f'),
(11, 'Ali', 'Khaled', '1988-03-14', 'm'),
(12, 'Layla', 'Mostafa', '1994-07-30', 'f'),
(13, 'Samir', 'Nabil', '1992-04-21', 'm'),
(14, 'Sara', 'Fouad', '1993-12-25', 'f'),
(15, 'Mohamed', 'Yassin', '1986-08-09', 'm'),
(16, 'Heba', 'Mamdouh', '1990-06-12', 'f'),
(17, 'Tamer', 'Hassan', '1985-11-05', 'm'),
(18, 'Dina', 'Kareem', '1995-03-27', 'f'),
(19, 'Hassan', 'Fathy', '1992-05-18', 'm'),
(20, 'Aya', 'Youssef', '1994-02-09', 'f'),
(21, 'Khaled', 'Abdallah', '1987-04-15', 'm'),
(22, 'Farah', 'Nour', '1996-01-19', 'f'),
(23, 'Rami', 'Ashraf', '1990-09-23', 'm'),
(24, 'Reem', 'Hany', '1991-10-17', 'f'),
(25, 'Sameh', 'Galal', '1989-07-04', 'm'),
(26, 'Esraa', 'Taha', '1995-08-26', 'f'),
(27, 'Sherif', 'Amin', '1988-12-11', 'm'),
(28, 'Fatma', 'Osman', '1993-02-07', 'f'),
(29, 'Nader', 'Sayed', '1992-05-29', 'm'),
(30, 'Mai', 'Ehab', '1994-06-15', 'f'),
(31, 'Ibrahim', 'Hussein', '1986-10-23', 'm'),
(32, 'Lina', 'Rashid', '1995-04-02', 'f'),
(33, 'Adel', 'Zaki', '1989-08-12', 'm'),
(34, 'Noha', 'Ali', '1991-09-19', 'f'),
(35, 'Waleed', 'Mostafa', '1987-06-07', 'm'),
(36, 'Marwa', 'Othman', '1992-11-28', 'f'),
(37, 'Bassam', 'Nabil', '1990-01-31', 'm'),
(38, 'Samar', 'Sami', '1994-03-14', 'f'),
(39, 'Ziad', 'Hussein', '1988-09-25', 'm'),
(40, 'Rania', 'Ezzat', '1993-10-20', 'f'),
(41, 'Yasser', 'Hafez', '1985-07-06', 'm'),
(42, 'Hagar', 'Said', '1992-12-08', 'f'),
(43, 'Ashraf', 'Maher', '1991-03-29', 'm'),
(44, 'Mariam', 'Esmail', '1990-08-15', 'f'),
(45, 'Abdallah', 'Gamal', '1996-05-10', 'm'),
(46, 'Ghada', 'Farouk', '1994-11-18', 'f'),
(47, 'Bassem', 'Ramzy', '1987-04-24', 'm'),
(48, 'Alaa', 'Hassan', '1993-08-02', 'f'),
(49, 'Tariq', 'Salem', '1990-07-19', 'm'),
(50, 'Laila', 'Rami', '1995-01-03', 'f'),
(51, 'Amira', 'Adel', '1996-06-01', 'f'),
(52, 'Fady', 'Khalil', '1988-10-19', 'm'),
(53, 'Hany', 'Mahmoud', '1992-11-30', 'm'),
(54, 'Shereen', 'Nasser', '1993-03-17', 'f'),
(55, 'Youssef', 'Kareem', '1985-02-11', 'm'),
(56, 'Dalia', 'Mohsen', '1994-12-07', 'f'),
(57, 'Waleed', 'Amir', '1991-04-26', 'm'),
(58, 'Fatima', 'Samir', '1995-06-14', 'f'),
(59, 'Sayed', 'Fahmy', '1987-07-12', 'm'),
(60, 'Nagla', 'Ibrahim', '1996-03-22', 'f'),
(61, 'Ahmed', 'Farid', '1990-01-08', 'm'),
(62, 'Nadia', 'Hafez', '1993-02-16', 'f'),
(63, 'Kareem', 'Esmail', '1992-05-31', 'm'),
(64, 'Heba', 'Ashraf', '1994-08-21', 'f'),
(65, 'Mohsen', 'Ali', '1986-09-14', 'm'),
(66, 'Mona', 'Rashid', '1995-07-30', 'f'),
(67, 'Ramzy', 'Tarek', '1990-02-05', 'm'),
(68, 'Yasmin', 'Gamal', '1991-11-06', 'f'),
(69, 'Ehab', 'Saeed', '1987-08-03', 'm'),
(70, 'Lamia', 'Mohamed', '1994-05-12', 'f'),
(71, 'Ibrahim', 'Tamer', '1989-04-28', 'm'),
(72, 'Rasha', 'Salem', '1992-06-10', 'f'),
(73, 'Nabil', 'Hassan', '1986-12-01', 'm'),
(74, 'Nermin', 'Sayed', '1993-01-26', 'f'),
(75, 'Ayman', 'Fouad', '1991-10-10', 'm'),
(76, 'Salma', 'Galal', '1996-04-18', 'f'),
(77, 'Yassin', 'Maher', '1988-02-14', 'm'),
(78, 'Dina', 'Khaled', '1994-01-19', 'f'),
(79, 'Amgad', 'Mostafa', '1989-11-22', 'm'),
(80, 'Rowan', 'Sami', '1995-03-01', 'f'),
(81, 'Fouad', 'Youssef', '1987-06-23', 'm'),
(82, 'Shady', 'Hafez', '1990-09-13', 'm'),
(83, 'Rania', 'Hassan', '1993-12-09', 'f'),
(84, 'Ahmed', 'Taha', '1985-07-21', 'm'),
(85, 'Sara', 'Ehab', '1994-02-18', 'f'),
(86, 'Sherif', 'Mostafa', '1986-03-27', 'm'),
(87, 'Esraa', 'Nabil', '1995-08-31', 'f'),
(88, 'Ayman', 'Ramzy', '1991-11-02', 'm'),
(89, 'Noura', 'Fathi', '1996-07-13', 'f'),
(90, 'Ali', 'Omar', '1990-04-08', 'm'),
(91, 'Rehab', 'Yassin', '1993-01-02', 'f'),
(92, 'Galal', 'Fouad', '1989-12-15', 'm'),
(93, 'Mai', 'Hussein', '1994-09-10', 'f'),
(94, 'Ehab', 'Ashraf', '1987-05-04', 'm'),
(95, 'Lina', 'Hany', '1996-08-06', 'f'),
(96, 'Tarek', 'Gamal', '1991-06-21', 'm'),
(97, 'Rowan', 'Ali', '1995-10-30', 'f'),
(98, 'Yassin', 'Salem', '1992-02-19', 'm'),
(99, 'Rasha', 'Mostafa', '1990-03-15', 'f'),
(100, 'Mohamed', 'Farid', '1988-07-17', 'm');
-- Insert data into Department table
INSERT INTO Department (Dept_ID, Dept_Name, Dept_Location, Manager_ID)
VALUES
(1, 'HR', 'Cairo', 3),
(2, 'Finance', 'Alexandria', 7),
(3, 'IT', 'Giza', 10),
(4, 'Marketing', 'Luxor', 17),
(5, 'Sales', 'Aswan', 20),
(6, 'Operations', 'Mansoura', 24);
-- Insert data into Emp_Working_Department
INSERT INTO Emp_Working_Department (Emp_ID, Dept_ID, StartDate)
VALUES
(1, 2, '2013-05-14'),
(2, 4, '2016-09-21'),
(3, 6, '2014-11-30'),
(4, 1, '2017-02-10'),
(5, 5, '2020-08-07'),
(6, 3, '2019-12-18'),
(7, 2, '2015-06-13'),
(8, 4, '2018-01-25'),
(9, 6, '2011-03-05'),
(10, 1, '2012-07-17'),
(11, 5, '2021-04-22'),
(12, 3, '2016-10-09'),
(13, 2, '2014-05-11'),
(14, 4, '2019-11-14'),
(15, 6, '2017-08-29'),
(16, 1, '2013-09-03'),
(17, 5, '2020-01-19'),
(18, 3, '2015-12-02'),
(19, 2, '2018-07-26'),
(20, 6, '2011-10-03');
-- Equipment -------------------------------------------------------------------------------
INSERT INTO Equipment (Equip_ID, Dept_ID, Equip_Name, Equip_Type, Starting_Use)
VALUES
(1, 1, 'Printer', 'Office', '2015-03-10'),
(2, 2, 'Laptop', 'IT', '2018-07-25'),
(3, 3, 'Router', 'Networking', '2020-01-15'),
(4, 4, 'Projector', 'Office', '2017-05-22'),
(5, 5, 'Tablet', 'Sales', '2019-08-11'),
(6, 6, 'AC Unit', 'Operations', '2016-06-03'),
(7, 1, 'Scanner', 'Office', '2014-10-18'),
(8, 2, 'Server', 'IT', '2021-02-28'),
(9, 3, 'Switch', 'Networking', '2020-09-14'),
(10, 4, 'Camera', 'Marketing', '2018-12-05'),
(11, 5, 'Laptop', 'Sales', '2020-11-13'),
(12, 6, 'Forklift', 'Operations', '2017-04-30'),
(13, 1, 'Fax Machine', 'Office', '2015-11-12'),
(14, 2, 'Desktop', 'IT', '2019-03-24'),
(15, 3, 'Access Point', 'Networking', '2021-01-09'),
(16, 4, 'Whiteboard', 'Marketing', '2016-08-17'),
(17, 5, 'Smartphone', 'Sales', '2021-06-21'),
(18, 6, 'Generator', 'Operations', '2018-09-30'),
(19, 1, 'Shredder', 'Office', '2017-02-13'),
(20, 2, 'Storage Device', 'IT', '2018-05-26');
